"","Elev_50m","daymeanT"
"1",653,8.53770552812752
"2",834,7.3380311797813
"3",1074,7.40534081379386
"4",1212,7.35223033404141
"5",1241,6.65711167252081
"6",1417,6.15295137788448
"7",1610,4.42504370012334
"8",1653,4.59941632855009
"9",1673,4.66323734755173
"10",1747,4.54263288127072
"11",1762,3.96034936264803
"12",1916,3.63794873493998
"13",1983,2.76249434183421
"14",2160,2.15462395066977
"15",2458,-0.216380436837341
"16",2497,-0.868764716991572
"17",2645,-1.72925661709442
